Domain Code,Domain,Area Code (M49),Area,Element Code,Element,Item Code (FBS),Item,Year Code,Year,Unit,Value,Flag,Flag Description,Note
"FBS","Food Balances (2010-)","116","Cambodia","5511","Production","S2731","Bovine Meat","2010","2010","1000 t","73","I","Imputed value",""
"FBS","Food Balances (2010-)","116","Cambodia","5611","Import quantity","S2731","Bovine Meat","2010","2010","1000 t","0","I","Imputed value",""
"FBS","Food Balances (2010-)","116","Cambodia","5301","Domestic supply quantity","S2731","Bovine Meat","2010","2010","1000 t","73","I","Imputed value",""
"FBS","Food Balances (2010-)","116","Cambodia","674","Protein supply quantity (g/capita/day)","S2731","Bovine Meat","2010","2010","g/cap/d","2.19","E","Estimated value",""
"FBS","Food Balances (2010-)","116","Cambodia","5511","Production","S2731","Bovine Meat","2011","2011","1000 t","73","I","Imputed value",""
"FBS","Food Balances (2010-)","116","Cambodia","5611","Import quantity","S2731","Bovine Meat","2011","2011","1000 t","0","I","Imputed value",""
"FBS","Food Balances (2010-)","116","Cambodia","5301","Domestic supply quantity","S2731","Bovine Meat","2011","2011","1000 t","73","I","Imputed value",""
"FBS","Food Balances (2010-)","116","Cambodia","674","Protein supply quantity (g/capita/day)","S2731","Bovine Meat","2011","2011","g/cap/d","2.16","E","Estimated value",""
"FBS","Food Balances (2010-)","116","Cambodia","5511","Production","S2731","Bovine Meat","2012","2012","1000 t","73","I","Imputed value",""
"FBS","Food Balances (2010-)","116","Cambodia","5611","Import quantity","S2731","Bovine Meat","2012","2012","1000 t","0","I","Imputed value",""
"FBS","Food Balances (2010-)","116","Cambodia","5301","Domestic supply quantity","S2731","Bovine Meat","2012","2012","1000 t","69","I","Imputed value",""
"FBS","Food Balances (2010-)","116","Cambodia","674","Protein supply quantity (g/capita/day)","S2731","Bovine Meat","2012","2012","g/cap/d","2.02","E","Estimated value",""
"FBS","Food Balances (2010-)","116","Cambodia","5511","Production","S2731","Bovine Meat","2013","2013","1000 t","70","I","Imputed value",""
"FBS","Food Balances (2010-)","116","Cambodia","5611","Import quantity","S2731","Bovine Meat","2013","2013","1000 t","0","I","Imputed value",""
"FBS","Food Balances (2010-)","116","Cambodia","5301","Domestic supply quantity","S2731","Bovine Meat","2013","2013","1000 t","59","I","Imputed value",""
"FBS","Food Balances (2010-)","116","Cambodia","674","Protein supply quantity (g/capita/day)","S2731","Bovine Meat","2013","2013","g/cap/d","1.71","E","Estimated value",""
"FBS","Food Balances (2010-)","116","Cambodia","5511","Production","S2731","Bovine Meat","2014","2014","1000 t","65","I","Imputed value",""
"FBS","Food Balances (2010-)","116","Cambodia","5611","Import quantity","S2731","Bovine Meat","2014","2014","1000 t","1","I","Imputed value",""
"FBS","Food Balances (2010-)","116","Cambodia","5301","Domestic supply quantity","S2731","Bovine Meat","2014","2014","1000 t","61","I","Imputed value",""
"FBS","Food Balances (2010-)","116","Cambodia","674","Protein supply quantity (g/capita/day)","S2731","Bovine Meat","2014","2014","g/cap/d","1.73","E","Estimated value",""
"FBS","Food Balances (2010-)","116","Cambodia","5511","Production","S2731","Bovine Meat","2015","2015","1000 t","64","I","Imputed value",""
"FBS","Food Balances (2010-)","116","Cambodia","5611","Import quantity","S2731","Bovine Meat","2015","2015","1000 t","0","I","Imputed value",""
"FBS","Food Balances (2010-)","116","Cambodia","5301","Domestic supply quantity","S2731","Bovine Meat","2015","2015","1000 t","60","I","Imputed value",""
"FBS","Food Balances (2010-)","116","Cambodia","674","Protein supply quantity (g/capita/day)","S2731","Bovine Meat","2015","2015","g/cap/d","1.66","E","Estimated value",""
"FBS","Food Balances (2010-)","116","Cambodia","5511","Production","S2731","Bovine Meat","2016","2016","1000 t","64","I","Imputed value",""
"FBS","Food Balances (2010-)","116","Cambodia","5611","Import quantity","S2731","Bovine Meat","2016","2016","1000 t","0","I","Imputed value",""
"FBS","Food Balances (2010-)","116","Cambodia","5301","Domestic supply quantity","S2731","Bovine Meat","2016","2016","1000 t","60","I","Imputed value",""
"FBS","Food Balances (2010-)","116","Cambodia","674","Protein supply quantity (g/capita/day)","S2731","Bovine Meat","2016","2016","g/cap/d","1.65","E","Estimated value",""
"FBS","Food Balances (2010-)","116","Cambodia","5511","Production","S2731","Bovine Meat","2017","2017","1000 t","64","I","Imputed value",""
"FBS","Food Balances (2010-)","116","Cambodia","5611","Import quantity","S2731","Bovine Meat","2017","2017","1000 t","5","I","Imputed value",""
"FBS","Food Balances (2010-)","116","Cambodia","5301","Domestic supply quantity","S2731","Bovine Meat","2017","2017","1000 t","65","I","Imputed value",""
"FBS","Food Balances (2010-)","116","Cambodia","674","Protein supply quantity (g/capita/day)","S2731","Bovine Meat","2017","2017","g/cap/d","1.73","E","Estimated value",""
"FBS","Food Balances (2010-)","116","Cambodia","5511","Production","S2731","Bovine Meat","2018","2018","1000 t","63","I","Imputed value",""
"FBS","Food Balances (2010-)","116","Cambodia","5611","Import quantity","S2731","Bovine Meat","2018","2018","1000 t","12","I","Imputed value",""
"FBS","Food Balances (2010-)","116","Cambodia","5301","Domestic supply quantity","S2731","Bovine Meat","2018","2018","1000 t","71","I","Imputed value",""
"FBS","Food Balances (2010-)","116","Cambodia","674","Protein supply quantity (g/capita/day)","S2731","Bovine Meat","2018","2018","g/cap/d","1.84","E","Estimated value",""
"FBS","Food Balances (2010-)","116","Cambodia","5511","Production","S2731","Bovine Meat","2019","2019","1000 t","62","I","Imputed value",""
"FBS","Food Balances (2010-)","116","Cambodia","5611","Import quantity","S2731","Bovine Meat","2019","2019","1000 t","2","I","Imputed value",""
"FBS","Food Balances (2010-)","116","Cambodia","5301","Domestic supply quantity","S2731","Bovine Meat","2019","2019","1000 t","59","I","Imputed value",""
"FBS","Food Balances (2010-)","116","Cambodia","674","Protein supply quantity (g/capita/day)","S2731","Bovine Meat","2019","2019","g/cap/d","1.56","E","Estimated value",""
"FBS","Food Balances (2010-)","116","Cambodia","5511","Production","S2731","Bovine Meat","2020","2020","1000 t","60","I","Imputed value",""
"FBS","Food Balances (2010-)","116","Cambodia","5611","Import quantity","S2731","Bovine Meat","2020","2020","1000 t","3","I","Imputed value",""
"FBS","Food Balances (2010-)","116","Cambodia","5301","Domestic supply quantity","S2731","Bovine Meat","2020","2020","1000 t","59","I","Imputed value",""
"FBS","Food Balances (2010-)","116","Cambodia","674","Protein supply quantity (g/capita/day)","S2731","Bovine Meat","2020","2020","g/cap/d","1.55","E","Estimated value",""
"FBS","Food Balances (2010-)","116","Cambodia","5511","Production","S2731","Bovine Meat","2021","2021","1000 t","63","I","Imputed value",""
"FBS","Food Balances (2010-)","116","Cambodia","5611","Import quantity","S2731","Bovine Meat","2021","2021","1000 t","9","I","Imputed value",""
"FBS","Food Balances (2010-)","116","Cambodia","5301","Domestic supply quantity","S2731","Bovine Meat","2021","2021","1000 t","70","I","Imputed value",""
"FBS","Food Balances (2010-)","116","Cambodia","674","Protein supply quantity (g/capita/day)","S2731","Bovine Meat","2021","2021","g/cap/d","1.81","E","Estimated value",""
"FBS","Food Balances (2010-)","116","Cambodia","5511","Production","S2731","Bovine Meat","2022","2022","1000 t","63","I","Imputed value",""
"FBS","Food Balances (2010-)","116","Cambodia","5611","Import quantity","S2731","Bovine Meat","2022","2022","1000 t","16","I","Imputed value",""
"FBS","Food Balances (2010-)","116","Cambodia","5301","Domestic supply quantity","S2731","Bovine Meat","2022","2022","1000 t","74","I","Imputed value",""
"FBS","Food Balances (2010-)","116","Cambodia","674","Protein supply quantity (g/capita/day)","S2731","Bovine Meat","2022","2022","g/cap/d","1.86","E","Estimated value",""
"FBS","Food Balances (2010-)","116","Cambodia","5511","Production","S2733","Pigmeat","2010","2010","1000 t","105","I","Imputed value",""
"FBS","Food Balances (2010-)","116","Cambodia","5611","Import quantity","S2733","Pigmeat","2010","2010","1000 t","0","I","Imputed value",""
"FBS","Food Balances (2010-)","116","Cambodia","5301","Domestic supply quantity","S2733","Pigmeat","2010","2010","1000 t","105","I","Imputed value",""
"FBS","Food Balances (2010-)","116","Cambodia","674","Protein supply quantity (g/capita/day)","S2733","Pigmeat","2010","2010","g/cap/d","2.82","E","Estimated value",""
"FBS","Food Balances (2010-)","116","Cambodia","5511","Production","S2733","Pigmeat","2011","2011","1000 t","110","I","Imputed value",""
"FBS","Food Balances (2010-)","116","Cambodia","5611","Import quantity","S2733","Pigmeat","2011","2011","1000 t","0","I","Imputed value",""
"FBS","Food Balances (2010-)","116","Cambodia","5301","Domestic supply quantity","S2733","Pigmeat","2011","2011","1000 t","110","I","Imputed value",""
"FBS","Food Balances (2010-)","116","Cambodia","674","Protein supply quantity (g/capita/day)","S2733","Pigmeat","2011","2011","g/cap/d","2.91","E","Estimated value",""
"FBS","Food Balances (2010-)","116","Cambodia","5511","Production","S2733","Pigmeat","2012","2012","1000 t","99","I","Imputed value",""
"FBS","Food Balances (2010-)","116","Cambodia","5611","Import quantity","S2733","Pigmeat","2012","2012","1000 t","0","I","Imputed value",""
"FBS","Food Balances (2010-)","116","Cambodia","5301","Domestic supply quantity","S2733","Pigmeat","2012","2012","1000 t","99","I","Imputed value",""
"FBS","Food Balances (2010-)","116","Cambodia","674","Protein supply quantity (g/capita/day)","S2733","Pigmeat","2012","2012","g/cap/d","2.57","E","Estimated value",""
"FBS","Food Balances (2010-)","116","Cambodia","5511","Production","S2733","Pigmeat","2013","2013","1000 t","103","I","Imputed value",""
"FBS","Food Balances (2010-)","116","Cambodia","5611","Import quantity","S2733","Pigmeat","2013","2013","1000 t","0","I","Imputed value",""
"FBS","Food Balances (2010-)","116","Cambodia","5301","Domestic supply quantity","S2733","Pigmeat","2013","2013","1000 t","103","I","Imputed value",""
"FBS","Food Balances (2010-)","116","Cambodia","674","Protein supply quantity (g/capita/day)","S2733","Pigmeat","2013","2013","g/cap/d","2.64","E","Estimated value",""
"FBS","Food Balances (2010-)","116","Cambodia","5511","Production","S2733","Pigmeat","2014","2014","1000 t","113","I","Imputed value",""
"FBS","Food Balances (2010-)","116","Cambodia","5611","Import quantity","S2733","Pigmeat","2014","2014","1000 t","0","I","Imputed value",""
"FBS","Food Balances (2010-)","116","Cambodia","5301","Domestic supply quantity","S2733","Pigmeat","2014","2014","1000 t","113","I","Imputed value",""
"FBS","Food Balances (2010-)","116","Cambodia","674","Protein supply quantity (g/capita/day)","S2733","Pigmeat","2014","2014","g/cap/d","2.86","E","Estimated value",""
"FBS","Food Balances (2010-)","116","Cambodia","5511","Production","S2733","Pigmeat","2015","2015","1000 t","112","I","Imputed value",""
"FBS","Food Balances (2010-)","116","Cambodia","5611","Import quantity","S2733","Pigmeat","2015","2015","1000 t","0","I","Imputed value",""
"FBS","Food Balances (2010-)","116","Cambodia","5301","Domestic supply quantity","S2733","Pigmeat","2015","2015","1000 t","112","I","Imputed value",""
"FBS","Food Balances (2010-)","116","Cambodia","674","Protein supply quantity (g/capita/day)","S2733","Pigmeat","2015","2015","g/cap/d","2.79","E","Estimated value",""
"FBS","Food Balances (2010-)","116","Cambodia","5511","Production","S2733","Pigmeat","2016","2016","1000 t","113","I","Imputed value",""
"FBS","Food Balances (2010-)","116","Cambodia","5611","Import quantity","S2733","Pigmeat","2016","2016","1000 t","0","I","Imputed value",""
"FBS","Food Balances (2010-)","116","Cambodia","5301","Domestic supply quantity","S2733","Pigmeat","2016","2016","1000 t","113","I","Imputed value",""
"FBS","Food Balances (2010-)","116","Cambodia","674","Protein supply quantity (g/capita/day)","S2733","Pigmeat","2016","2016","g/cap/d","2.79","E","Estimated value",""
"FBS","Food Balances (2010-)","116","Cambodia","5511","Production","S2733","Pigmeat","2017","2017","1000 t","113","I","Imputed value",""
"FBS","Food Balances (2010-)","116","Cambodia","5611","Import quantity","S2733","Pigmeat","2017","2017","1000 t","1","I","Imputed value",""
"FBS","Food Balances (2010-)","116","Cambodia","5301","Domestic supply quantity","S2733","Pigmeat","2017","2017","1000 t","113","I","Imputed value",""
"FBS","Food Balances (2010-)","116","Cambodia","674","Protein supply quantity (g/capita/day)","S2733","Pigmeat","2017","2017","g/cap/d","2.76","E","Estimated value",""
"FBS","Food Balances (2010-)","116","Cambodia","5511","Production","S2733","Pigmeat","2018","2018","1000 t","109","I","Imputed value",""
"FBS","Food Balances (2010-)","116","Cambodia","5611","Import quantity","S2733","Pigmeat","2018","2018","1000 t","2","I","Imputed value",""
"FBS","Food Balances (2010-)","116","Cambodia","5301","Domestic supply quantity","S2733","Pigmeat","2018","2018","1000 t","112","I","Imputed value",""
"FBS","Food Balances (2010-)","116","Cambodia","674","Protein supply quantity (g/capita/day)","S2733","Pigmeat","2018","2018","g/cap/d","2.68","E","Estimated value",""
"FBS","Food Balances (2010-)","116","Cambodia","5511","Production","S2733","Pigmeat","2019","2019","1000 t","93","I","Imputed value",""
"FBS","Food Balances (2010-)","116","Cambodia","5611","Import quantity","S2733","Pigmeat","2019","2019","1000 t","1","I","Imputed value",""
"FBS","Food Balances (2010-)","116","Cambodia","5301","Domestic supply quantity","S2733","Pigmeat","2019","2019","1000 t","94","I","Imputed value",""
"FBS","Food Balances (2010-)","116","Cambodia","674","Protein supply quantity (g/capita/day)","S2733","Pigmeat","2019","2019","g/cap/d","2.23","E","Estimated value",""
"FBS","Food Balances (2010-)","116","Cambodia","5511","Production","S2733","Pigmeat","2020","2020","1000 t","106","I","Imputed value",""
"FBS","Food Balances (2010-)","116","Cambodia","5611","Import quantity","S2733","Pigmeat","2020","2020","1000 t","1","I","Imputed value",""
"FBS","Food Balances (2010-)","116","Cambodia","5301","Domestic supply quantity","S2733","Pigmeat","2020","2020","1000 t","107","I","Imputed value",""
"FBS","Food Balances (2010-)","116","Cambodia","674","Protein supply quantity (g/capita/day)","S2733","Pigmeat","2020","2020","g/cap/d","2.53","E","Estimated value",""
"FBS","Food Balances (2010-)","116","Cambodia","5511","Production","S2733","Pigmeat","2021","2021","1000 t","105","I","Imputed value",""
"FBS","Food Balances (2010-)","116","Cambodia","5611","Import quantity","S2733","Pigmeat","2021","2021","1000 t","2","I","Imputed value",""
"FBS","Food Balances (2010-)","116","Cambodia","5301","Domestic supply quantity","S2733","Pigmeat","2021","2021","1000 t","104","I","Imputed value",""
"FBS","Food Balances (2010-)","116","Cambodia","674","Protein supply quantity (g/capita/day)","S2733","Pigmeat","2021","2021","g/cap/d","2.42","E","Estimated value",""
"FBS","Food Balances (2010-)","116","Cambodia","5511","Production","S2733","Pigmeat","2022","2022","1000 t","101","I","Imputed value",""
"FBS","Food Balances (2010-)","116","Cambodia","5611","Import quantity","S2733","Pigmeat","2022","2022","1000 t","3","I","Imputed value",""
"FBS","Food Balances (2010-)","116","Cambodia","5301","Domestic supply quantity","S2733","Pigmeat","2022","2022","1000 t","104","I","Imputed value",""
"FBS","Food Balances (2010-)","116","Cambodia","674","Protein supply quantity (g/capita/day)","S2733","Pigmeat","2022","2022","g/cap/d","2.4","E","Estimated value",""
"FBS","Food Balances (2010-)","116","Cambodia","5511","Production","S2734","Poultry Meat","2010","2010","1000 t","28","I","Imputed value",""
"FBS","Food Balances (2010-)","116","Cambodia","5611","Import quantity","S2734","Poultry Meat","2010","2010","1000 t","0","I","Imputed value",""
"FBS","Food Balances (2010-)","116","Cambodia","5301","Domestic supply quantity","S2734","Poultry Meat","2010","2010","1000 t","28","I","Imputed value",""
"FBS","Food Balances (2010-)","116","Cambodia","674","Protein supply quantity (g/capita/day)","S2734","Poultry Meat","2010","2010","g/cap/d","0.87","E","Estimated value",""
"FBS","Food Balances (2010-)","116","Cambodia","5511","Production","S2734","Poultry Meat","2011","2011","1000 t","28","I","Imputed value",""
"FBS","Food Balances (2010-)","116","Cambodia","5611","Import quantity","S2734","Poultry Meat","2011","2011","1000 t","0","I","Imputed value",""
"FBS","Food Balances (2010-)","116","Cambodia","5301","Domestic supply quantity","S2734","Poultry Meat","2011","2011","1000 t","28","I","Imputed value",""
"FBS","Food Balances (2010-)","116","Cambodia","674","Protein supply quantity (g/capita/day)","S2734","Poultry Meat","2011","2011","g/cap/d","0.83","E","Estimated value",""
"FBS","Food Balances (2010-)","116","Cambodia","5511","Production","S2734","Poultry Meat","2012","2012","1000 t","28","I","Imputed value",""
"FBS","Food Balances (2010-)","116","Cambodia","5611","Import quantity","S2734","Poultry Meat","2012","2012","1000 t","0","I","Imputed value",""
"FBS","Food Balances (2010-)","116","Cambodia","5301","Domestic supply quantity","S2734","Poultry Meat","2012","2012","1000 t","26","I","Imputed value",""
"FBS","Food Balances (2010-)","116","Cambodia","674","Protein supply quantity (g/capita/day)","S2734","Poultry Meat","2012","2012","g/cap/d","0.76","E","Estimated value",""
"FBS","Food Balances (2010-)","116","Cambodia","5511","Production","S2734","Poultry Meat","2013","2013","1000 t","27","I","Imputed value",""
"FBS","Food Balances (2010-)","116","Cambodia","5611","Import quantity","S2734","Poultry Meat","2013","2013","1000 t","1","I","Imputed value",""
"FBS","Food Balances (2010-)","116","Cambodia","5301","Domestic supply quantity","S2734","Poultry Meat","2013","2013","1000 t","26","I","Imputed value",""
"FBS","Food Balances (2010-)","116","Cambodia","674","Protein supply quantity (g/capita/day)","S2734","Poultry Meat","2013","2013","g/cap/d","0.76","E","Estimated value",""
"FBS","Food Balances (2010-)","116","Cambodia","5511","Production","S2734","Poultry Meat","2014","2014","1000 t","27","I","Imputed value",""
"FBS","Food Balances (2010-)","116","Cambodia","5611","Import quantity","S2734","Poultry Meat","2014","2014","1000 t","0","I","Imputed value",""
"FBS","Food Balances (2010-)","116","Cambodia","5301","Domestic supply quantity","S2734","Poultry Meat","2014","2014","1000 t","25","I","Imputed value",""
"FBS","Food Balances (2010-)","116","Cambodia","674","Protein supply quantity (g/capita/day)","S2734","Poultry Meat","2014","2014","g/cap/d","0.73","E","Estimated value",""
"FBS","Food Balances (2010-)","116","Cambodia","5511","Production","S2734","Poultry Meat","2015","2015","1000 t","26","I","Imputed value",""
"FBS","Food Balances (2010-)","116","Cambodia","5611","Import quantity","S2734","Poultry Meat","2015","2015","1000 t","0","I","Imputed value",""
"FBS","Food Balances (2010-)","116","Cambodia","5301","Domestic supply quantity","S2734","Poultry Meat","2015","2015","1000 t","25","I","Imputed value",""
"FBS","Food Balances (2010-)","116","Cambodia","674","Protein supply quantity (g/capita/day)","S2734","Poultry Meat","2015","2015","g/cap/d","0.7","E","Estimated value",""
"FBS","Food Balances (2010-)","116","Cambodia","5511","Production","S2734","Poultry Meat","2016","2016","1000 t","27","I","Imputed value",""
"FBS","Food Balances (2010-)","116","Cambodia","5611","Import quantity","S2734","Poultry Meat","2016","2016","1000 t","1","I","Imputed value",""
"FBS","Food Balances (2010-)","116","Cambodia","5301","Domestic supply quantity","S2734","Poultry Meat","2016","2016","1000 t","26","I","Imputed value",""
"FBS","Food Balances (2010-)","116","Cambodia","674","Protein supply quantity (g/capita/day)","S2734","Poultry Meat","2016","2016","g/cap/d","0.74","E","Estimated value",""
"FBS","Food Balances (2010-)","116","Cambodia","5511","Production","S2734","Poultry Meat","2017","2017","1000 t","27","I","Imputed value",""
"FBS","Food Balances (2010-)","116","Cambodia","5611","Import quantity","S2734","Poultry Meat","2017","2017","1000 t","10","I","Imputed value",""
"FBS","Food Balances (2010-)","116","Cambodia","5301","Domestic supply quantity","S2734","Poultry Meat","2017","2017","1000 t","35","I","Imputed value",""
"FBS","Food Balances (2010-)","116","Cambodia","674","Protein supply quantity (g/capita/day)","S2734","Poultry Meat","2017","2017","g/cap/d","0.98","E","Estimated value",""
"FBS","Food Balances (2010-)","116","Cambodia","5511","Production","S2734","Poultry Meat","2018","2018","1000 t","28","I","Imputed value",""
"FBS","Food Balances (2010-)","116","Cambodia","5611","Import quantity","S2734","Poultry Meat","2018","2018","1000 t","15","I","Imputed value",""
"FBS","Food Balances (2010-)","116","Cambodia","5301","Domestic supply quantity","S2734","Poultry Meat","2018","2018","1000 t","40","I","Imputed value",""
"FBS","Food Balances (2010-)","116","Cambodia","674","Protein supply quantity (g/capita/day)","S2734","Poultry Meat","2018","2018","g/cap/d","1.12","E","Estimated value",""
"FBS","Food Balances (2010-)","116","Cambodia","5511","Production","S2734","Poultry Meat","2019","2019","1000 t","28","I","Imputed value",""
"FBS","Food Balances (2010-)","116","Cambodia","5611","Import quantity","S2734","Poultry Meat","2019","2019","1000 t","1","I","Imputed value",""
"FBS","Food Balances (2010-)","116","Cambodia","5301","Domestic supply quantity","S2734","Poultry Meat","2019","2019","1000 t","29","I","Imputed value",""
"FBS","Food Balances (2010-)","116","Cambodia","674","Protein supply quantity (g/capita/day)","S2734","Poultry Meat","2019","2019","g/cap/d","0.77","E","Estimated value",""
"FBS","Food Balances (2010-)","116","Cambodia","5511","Production","S2734","Poultry Meat","2020","2020","1000 t","28","I","Imputed value",""
"FBS","Food Balances (2010-)","116","Cambodia","5611","Import quantity","S2734","Poultry Meat","2020","2020","1000 t","3","I","Imputed value",""
"FBS","Food Balances (2010-)","116","Cambodia","5301","Domestic supply quantity","S2734","Poultry Meat","2020","2020","1000 t","30","I","Imputed value",""
"FBS","Food Balances (2010-)","116","Cambodia","674","Protein supply quantity (g/capita/day)","S2734","Poultry Meat","2020","2020","g/cap/d","0.8","E","Estimated value",""
"FBS","Food Balances (2010-)","116","Cambodia","5511","Production","S2734","Poultry Meat","2021","2021","1000 t","26","I","Imputed value",""
"FBS","Food Balances (2010-)","116","Cambodia","5611","Import quantity","S2734","Poultry Meat","2021","2021","1000 t","5","I","Imputed value",""
"FBS","Food Balances (2010-)","116","Cambodia","5301","Domestic supply quantity","S2734","Poultry Meat","2021","2021","1000 t","29","I","Imputed value",""
"FBS","Food Balances (2010-)","116","Cambodia","674","Protein supply quantity (g/capita/day)","S2734","Poultry Meat","2021","2021","g/cap/d","0.78","E","Estimated value",""
"FBS","Food Balances (2010-)","116","Cambodia","5511","Production","S2734","Poultry Meat","2022","2022","1000 t","26","I","Imputed value",""
"FBS","Food Balances (2010-)","116","Cambodia","5611","Import quantity","S2734","Poultry Meat","2022","2022","1000 t","7","I","Imputed value",""
"FBS","Food Balances (2010-)","116","Cambodia","5301","Domestic supply quantity","S2734","Poultry Meat","2022","2022","1000 t","31","I","Imputed value",""
"FBS","Food Balances (2010-)","116","Cambodia","674","Protein supply quantity (g/capita/day)","S2734","Poultry Meat","2022","2022","g/cap/d","0.82","E","Estimated value",""
"FBS","Food Balances (2010-)","116","Cambodia","5511","Production","S2744","Eggs","2010","2010","1000 t","22","I","Imputed value",""
"FBS","Food Balances (2010-)","116","Cambodia","5611","Import quantity","S2744","Eggs","2010","2010","1000 t","0","I","Imputed value",""
"FBS","Food Balances (2010-)","116","Cambodia","5301","Domestic supply quantity","S2744","Eggs","2010","2010","1000 t","22","I","Imputed value",""
"FBS","Food Balances (2010-)","116","Cambodia","674","Protein supply quantity (g/capita/day)","S2744","Eggs","2010","2010","g/cap/d","0.38","E","Estimated value",""
"FBS","Food Balances (2010-)","116","Cambodia","5511","Production","S2744","Eggs","2011","2011","1000 t","22","I","Imputed value",""
"FBS","Food Balances (2010-)","116","Cambodia","5611","Import quantity","S2744","Eggs","2011","2011","1000 t","0","I","Imputed value",""
"FBS","Food Balances (2010-)","116","Cambodia","5301","Domestic supply quantity","S2744","Eggs","2011","2011","1000 t","22","I","Imputed value",""
"FBS","Food Balances (2010-)","116","Cambodia","674","Protein supply quantity (g/capita/day)","S2744","Eggs","2011","2011","g/cap/d","0.39","E","Estimated value",""
"FBS","Food Balances (2010-)","116","Cambodia","5511","Production","S2744","Eggs","2012","2012","1000 t","23","I","Imputed value",""
"FBS","Food Balances (2010-)","116","Cambodia","5611","Import quantity","S2744","Eggs","2012","2012","1000 t","0","I","Imputed value",""
"FBS","Food Balances (2010-)","116","Cambodia","5301","Domestic supply quantity","S2744","Eggs","2012","2012","1000 t","23","I","Imputed value",""
"FBS","Food Balances (2010-)","116","Cambodia","674","Protein supply quantity (g/capita/day)","S2744","Eggs","2012","2012","g/cap/d","0.39","E","Estimated value",""
"FBS","Food Balances (2010-)","116","Cambodia","5511","Production","S2744","Eggs","2013","2013","1000 t","23","I","Imputed value",""
"FBS","Food Balances (2010-)","116","Cambodia","5611","Import quantity","S2744","Eggs","2013","2013","1000 t","0","I","Imputed value",""
"FBS","Food Balances (2010-)","116","Cambodia","5301","Domestic supply quantity","S2744","Eggs","2013","2013","1000 t","23","I","Imputed value",""
"FBS","Food Balances (2010-)","116","Cambodia","674","Protein supply quantity (g/capita/day)","S2744","Eggs","2013","2013","g/cap/d","0.39","E","Estimated value",""
"FBS","Food Balances (2010-)","116","Cambodia","5511","Production","S2744","Eggs","2014","2014","1000 t","24","I","Imputed value",""
"FBS","Food Balances (2010-)","116","Cambodia","5611","Import quantity","S2744","Eggs","2014","2014","1000 t","0","I","Imputed value",""
"FBS","Food Balances (2010-)","116","Cambodia","5301","Domestic supply quantity","S2744","Eggs","2014","2014","1000 t","24","I","Imputed value",""
"FBS","Food Balances (2010-)","116","Cambodia","674","Protein supply quantity (g/capita/day)","S2744","Eggs","2014","2014","g/cap/d","0.41","E","Estimated value",""
"FBS","Food Balances (2010-)","116","Cambodia","5511","Production","S2744","Eggs","2015","2015","1000 t","23","I","Imputed value",""
"FBS","Food Balances (2010-)","116","Cambodia","5611","Import quantity","S2744","Eggs","2015","2015","1000 t","0","I","Imputed value",""
"FBS","Food Balances (2010-)","116","Cambodia","5301","Domestic supply quantity","S2744","Eggs","2015","2015","1000 t","23","I","Imputed value",""
"FBS","Food Balances (2010-)","116","Cambodia","674","Protein supply quantity (g/capita/day)","S2744","Eggs","2015","2015","g/cap/d","0.38","E","Estimated value",""
"FBS","Food Balances (2010-)","116","Cambodia","5511","Production","S2744","Eggs","2016","2016","1000 t","23","I","Imputed value",""
"FBS","Food Balances (2010-)","116","Cambodia","5611","Import quantity","S2744","Eggs","2016","2016","1000 t","0","I","Imputed value",""
"FBS","Food Balances (2010-)","116","Cambodia","5301","Domestic supply quantity","S2744","Eggs","2016","2016","1000 t","23","I","Imputed value",""
"FBS","Food Balances (2010-)","116","Cambodia","674","Protein supply quantity (g/capita/day)","S2744","Eggs","2016","2016","g/cap/d","0.37","E","Estimated value",""
"FBS","Food Balances (2010-)","116","Cambodia","5511","Production","S2744","Eggs","2017","2017","1000 t","24","I","Imputed value",""
"FBS","Food Balances (2010-)","116","Cambodia","5611","Import quantity","S2744","Eggs","2017","2017","1000 t","0","I","Imputed value",""
"FBS","Food Balances (2010-)","116","Cambodia","5301","Domestic supply quantity","S2744","Eggs","2017","2017","1000 t","23","I","Imputed value",""
"FBS","Food Balances (2010-)","116","Cambodia","674","Protein supply quantity (g/capita/day)","S2744","Eggs","2017","2017","g/cap/d","0.38","E","Estimated value",""
"FBS","Food Balances (2010-)","116","Cambodia","5511","Production","S2744","Eggs","2018","2018","1000 t","23","I","Imputed value",""
"FBS","Food Balances (2010-)","116","Cambodia","5611","Import quantity","S2744","Eggs","2018","2018","1000 t","0","I","Imputed value",""
"FBS","Food Balances (2010-)","116","Cambodia","5301","Domestic supply quantity","S2744","Eggs","2018","2018","1000 t","23","I","Imputed value",""
"FBS","Food Balances (2010-)","116","Cambodia","674","Protein supply quantity (g/capita/day)","S2744","Eggs","2018","2018","g/cap/d","0.36","E","Estimated value",""
"FBS","Food Balances (2010-)","116","Cambodia","5511","Production","S2744","Eggs","2019","2019","1000 t","23","I","Imputed value",""
"FBS","Food Balances (2010-)","116","Cambodia","5611","Import quantity","S2744","Eggs","2019","2019","1000 t","0","I","Imputed value",""
"FBS","Food Balances (2010-)","116","Cambodia","5301","Domestic supply quantity","S2744","Eggs","2019","2019","1000 t","23","I","Imputed value",""
"FBS","Food Balances (2010-)","116","Cambodia","674","Protein supply quantity (g/capita/day)","S2744","Eggs","2019","2019","g/cap/d","0.36","E","Estimated value",""
"FBS","Food Balances (2010-)","116","Cambodia","5511","Production","S2744","Eggs","2020","2020","1000 t","23","I","Imputed value",""
"FBS","Food Balances (2010-)","116","Cambodia","5611","Import quantity","S2744","Eggs","2020","2020","1000 t","0","I","Imputed value",""
"FBS","Food Balances (2010-)","116","Cambodia","5301","Domestic supply quantity","S2744","Eggs","2020","2020","1000 t","23","I","Imputed value",""
"FBS","Food Balances (2010-)","116","Cambodia","674","Protein supply quantity (g/capita/day)","S2744","Eggs","2020","2020","g/cap/d","0.36","E","Estimated value",""
"FBS","Food Balances (2010-)","116","Cambodia","5511","Production","S2744","Eggs","2021","2021","1000 t","23","I","Imputed value",""
"FBS","Food Balances (2010-)","116","Cambodia","5611","Import quantity","S2744","Eggs","2021","2021","1000 t","0","I","Imputed value",""
"FBS","Food Balances (2010-)","116","Cambodia","5301","Domestic supply quantity","S2744","Eggs","2021","2021","1000 t","23","I","Imputed value",""
"FBS","Food Balances (2010-)","116","Cambodia","674","Protein supply quantity (g/capita/day)","S2744","Eggs","2021","2021","g/cap/d","0.35","E","Estimated value",""
"FBS","Food Balances (2010-)","116","Cambodia","5511","Production","S2744","Eggs","2022","2022","1000 t","23","I","Imputed value",""
"FBS","Food Balances (2010-)","116","Cambodia","5611","Import quantity","S2744","Eggs","2022","2022","1000 t","0","I","Imputed value",""
"FBS","Food Balances (2010-)","116","Cambodia","5301","Domestic supply quantity","S2744","Eggs","2022","2022","1000 t","23","I","Imputed value",""
"FBS","Food Balances (2010-)","116","Cambodia","674","Protein supply quantity (g/capita/day)","S2744","Eggs","2022","2022","g/cap/d","0.35","E","Estimated value",""
"FBS","Food Balances (2010-)","116","Cambodia","5511","Production","S2848","Milk - Excluding Butter","2010","2010","1000 t","27","I","Imputed value",""
"FBS","Food Balances (2010-)","116","Cambodia","5611","Import quantity","S2848","Milk - Excluding Butter","2010","2010","1000 t","18","I","Imputed value",""
"FBS","Food Balances (2010-)","116","Cambodia","5301","Domestic supply quantity","S2848","Milk - Excluding Butter","2010","2010","1000 t","45","I","Imputed value",""
"FBS","Food Balances (2010-)","116","Cambodia","674","Protein supply quantity (g/capita/day)","S2848","Milk - Excluding Butter","2010","2010","g/cap/d","0.24","E","Estimated value",""
"FBS","Food Balances (2010-)","116","Cambodia","5511","Production","S2848","Milk - Excluding Butter","2011","2011","1000 t","27","I","Imputed value",""
"FBS","Food Balances (2010-)","116","Cambodia","5611","Import quantity","S2848","Milk - Excluding Butter","2011","2011","1000 t","25","I","Imputed value",""
"FBS","Food Balances (2010-)","116","Cambodia","5301","Domestic supply quantity","S2848","Milk - Excluding Butter","2011","2011","1000 t","53","I","Imputed value",""
"FBS","Food Balances (2010-)","116","Cambodia","674","Protein supply quantity (g/capita/day)","S2848","Milk - Excluding Butter","2011","2011","g/cap/d","0.25","E","Estimated value",""
"FBS","Food Balances (2010-)","116","Cambodia","5511","Production","S2848","Milk - Excluding Butter","2012","2012","1000 t","27","I","Imputed value",""
"FBS","Food Balances (2010-)","116","Cambodia","5611","Import quantity","S2848","Milk - Excluding Butter","2012","2012","1000 t","31","I","Imputed value",""
"FBS","Food Balances (2010-)","116","Cambodia","5301","Domestic supply quantity","S2848","Milk - Excluding Butter","2012","2012","1000 t","60","I","Imputed value",""
"FBS","Food Balances (2010-)","116","Cambodia","674","Protein supply quantity (g/capita/day)","S2848","Milk - Excluding Butter","2012","2012","g/cap/d","0.27","E","Estimated value",""
"FBS","Food Balances (2010-)","116","Cambodia","5511","Production","S2848","Milk - Excluding Butter","2013","2013","1000 t","27","I","Imputed value",""
"FBS","Food Balances (2010-)","116","Cambodia","5611","Import quantity","S2848","Milk - Excluding Butter","2013","2013","1000 t","46","I","Imputed value",""
"FBS","Food Balances (2010-)","116","Cambodia","5301","Domestic supply quantity","S2848","Milk - Excluding Butter","2013","2013","1000 t","69","I","Imputed value",""
"FBS","Food Balances (2010-)","116","Cambodia","674","Protein supply quantity (g/capita/day)","S2848","Milk - Excluding Butter","2013","2013","g/cap/d","0.29","E","Estimated value",""
"FBS","Food Balances (2010-)","116","Cambodia","5511","Production","S2848","Milk - Excluding Butter","2014","2014","1000 t","25","I","Imputed value",""
"FBS","Food Balances (2010-)","116","Cambodia","5611","Import quantity","S2848","Milk - Excluding Butter","2014","2014","1000 t","51","I","Imputed value",""
"FBS","Food Balances (2010-)","116","Cambodia","5301","Domestic supply quantity","S2848","Milk - Excluding Butter","2014","2014","1000 t","75","I","Imputed value",""
"FBS","Food Balances (2010-)","116","Cambodia","674","Protein supply quantity (g/capita/day)","S2848","Milk - Excluding Butter","2014","2014","g/cap/d","0.3","E","Estimated value",""
"FBS","Food Balances (2010-)","116","Cambodia","5511","Production","S2848","Milk - Excluding Butter","2015","2015","1000 t","24","I","Imputed value",""
"FBS","Food Balances (2010-)","116","Cambodia","5611","Import quantity","S2848","Milk - Excluding Butter","2015","2015","1000 t","53","I","Imputed value",""
"FBS","Food Balances (2010-)","116","Cambodia","5301","Domestic supply quantity","S2848","Milk - Excluding Butter","2015","2015","1000 t","70","I","Imputed value",""
"FBS","Food Balances (2010-)","116","Cambodia","674","Protein supply quantity (g/capita/day)","S2848","Milk - Excluding Butter","2015","2015","g/cap/d","0.27","E","Estimated value",""
"FBS","Food Balances (2010-)","116","Cambodia","5511","Production","S2848","Milk - Excluding Butter","2016","2016","1000 t","24","I","Imputed value",""
"FBS","Food Balances (2010-)","116","Cambodia","5611","Import quantity","S2848","Milk - Excluding Butter","2016","2016","1000 t","97","I","Imputed value",""
"FBS","Food Balances (2010-)","116","Cambodia","5301","Domestic supply quantity","S2848","Milk - Excluding Butter","2016","2016","1000 t","119","I","Imputed value",""
"FBS","Food Balances (2010-)","116","Cambodia","674","Protein supply quantity (g/capita/day)","S2848","Milk - Excluding Butter","2016","2016","g/cap/d","0.41","E","Estimated value",""
"FBS","Food Balances (2010-)","116","Cambodia","5511","Production","S2848","Milk - Excluding Butter","2017","2017","1000 t","25","I","Imputed value",""
"FBS","Food Balances (2010-)","116","Cambodia","5611","Import quantity","S2848","Milk - Excluding Butter","2017","2017","1000 t","120","I","Imputed value",""
"FBS","Food Balances (2010-)","116","Cambodia","5301","Domestic supply quantity","S2848","Milk - Excluding Butter","2017","2017","1000 t","143","I","Imputed value",""
"FBS","Food Balances (2010-)","116","Cambodia","674","Protein supply quantity (g/capita/day)","S2848","Milk - Excluding Butter","2017","2017","g/cap/d","0.5","E","Estimated value",""
"FBS","Food Balances (2010-)","116","Cambodia","5511","Production","S2848","Milk - Excluding Butter","2018","2018","1000 t","24","I","Imputed value",""
"FBS","Food Balances (2010-)","116","Cambodia","5611","Import quantity","S2848","Milk - Excluding Butter","2018","2018","1000 t","152","I","Imputed value",""
"FBS","Food Balances (2010-)","116","Cambodia","5301","Domestic supply quantity","S2848","Milk - Excluding Butter","2018","2018","1000 t","165","I","Imputed value",""
"FBS","Food Balances (2010-)","116","Cambodia","674","Protein supply quantity (g/capita/day)","S2848","Milk - Excluding Butter","2018","2018","g/cap/d","0.64","E","Estimated value",""
"FBS","Food Balances (2010-)","116","Cambodia","5511","Production","S2848","Milk - Excluding Butter","2019","2019","1000 t","24","I","Imputed value",""
"FBS","Food Balances (2010-)","116","Cambodia","5611","Import quantity","S2848","Milk - Excluding Butter","2019","2019","1000 t","74","I","Imputed value",""
"FBS","Food Balances (2010-)","116","Cambodia","5301","Domestic supply quantity","S2848","Milk - Excluding Butter","2019","2019","1000 t","87","I","Imputed value",""
"FBS","Food Balances (2010-)","116","Cambodia","674","Protein supply quantity (g/capita/day)","S2848","Milk - Excluding Butter","2019","2019","g/cap/d","0.39","E","Estimated value",""
"FBS","Food Balances (2010-)","116","Cambodia","5511","Production","S2848","Milk - Excluding Butter","2020","2020","1000 t","24","I","Imputed value",""
"FBS","Food Balances (2010-)","116","Cambodia","5611","Import quantity","S2848","Milk - Excluding Butter","2020","2020","1000 t","93","I","Imputed value",""
"FBS","Food Balances (2010-)","116","Cambodia","5301","Domestic supply quantity","S2848","Milk - Excluding Butter","2020","2020","1000 t","115","I","Imputed value",""
"FBS","Food Balances (2010-)","116","Cambodia","674","Protein supply quantity (g/capita/day)","S2848","Milk - Excluding Butter","2020","2020","g/cap/d","0.55","E","Estimated value",""
"FBS","Food Balances (2010-)","116","Cambodia","5511","Production","S2848","Milk - Excluding Butter","2021","2021","1000 t","24","I","Imputed value",""
"FBS","Food Balances (2010-)","116","Cambodia","5611","Import quantity","S2848","Milk - Excluding Butter","2021","2021","1000 t","127","I","Imputed value",""
"FBS","Food Balances (2010-)","116","Cambodia","5301","Domestic supply quantity","S2848","Milk - Excluding Butter","2021","2021","1000 t","146","I","Imputed value",""
"FBS","Food Balances (2010-)","116","Cambodia","674","Protein supply quantity (g/capita/day)","S2848","Milk - Excluding Butter","2021","2021","g/cap/d","0.63","E","Estimated value",""
"FBS","Food Balances (2010-)","116","Cambodia","5511","Production","S2848","Milk - Excluding Butter","2022","2022","1000 t","24","I","Imputed value",""
"FBS","Food Balances (2010-)","116","Cambodia","5611","Import quantity","S2848","Milk - Excluding Butter","2022","2022","1000 t","145","I","Imputed value",""
"FBS","Food Balances (2010-)","116","Cambodia","5301","Domestic supply quantity","S2848","Milk - Excluding Butter","2022","2022","1000 t","158","I","Imputed value",""
"FBS","Food Balances (2010-)","116","Cambodia","674","Protein supply quantity (g/capita/day)","S2848","Milk - Excluding Butter","2022","2022","g/cap/d","0.63","E","Estimated value",""
"FBS","Food Balances (2010-)","116","Cambodia","5511","Production","S2761","Freshwater Fish","2010","2010","1000 t","462.32","I","Imputed value",""
"FBS","Food Balances (2010-)","116","Cambodia","5611","Import quantity","S2761","Freshwater Fish","2010","2010","1000 t","1.08","I","Imputed value",""
"FBS","Food Balances (2010-)","116","Cambodia","5301","Domestic supply quantity","S2761","Freshwater Fish","2010","2010","1000 t","432.37","I","Imputed value",""
"FBS","Food Balances (2010-)","116","Cambodia","674","Protein supply quantity (g/capita/day)","S2761","Freshwater Fish","2010","2010","g/cap/d","9.15","E","Estimated value",""
"FBS","Food Balances (2010-)","116","Cambodia","5511","Production","S2761","Freshwater Fish","2011","2011","1000 t","513.81","I","Imputed value",""
"FBS","Food Balances (2010-)","116","Cambodia","5611","Import quantity","S2761","Freshwater Fish","2011","2011","1000 t","0.76","I","Imputed value",""
"FBS","Food Balances (2010-)","116","Cambodia","5301","Domestic supply quantity","S2761","Freshwater Fish","2011","2011","1000 t","487.69","I","Imputed value",""
"FBS","Food Balances (2010-)","116","Cambodia","674","Protein supply quantity (g/capita/day)","S2761","Freshwater Fish","2011","2011","g/cap/d","10.02","E","Estimated value",""
"FBS","Food Balances (2010-)","116","Cambodia","5511","Production","S2761","Freshwater Fish","2012","2012","1000 t","579.46","I","Imputed value",""
"FBS","Food Balances (2010-)","116","Cambodia","5611","Import quantity","S2761","Freshwater Fish","2012","2012","1000 t","0.14","I","Imputed value",""
"FBS","Food Balances (2010-)","116","Cambodia","5301","Domestic supply quantity","S2761","Freshwater Fish","2012","2012","1000 t","551.68","I","Imputed value",""
"FBS","Food Balances (2010-)","116","Cambodia","674","Protein supply quantity (g/capita/day)","S2761","Freshwater Fish","2012","2012","g/cap/d","9.95","E","Estimated value",""
"FBS","Food Balances (2010-)","116","Cambodia","5511","Production","S2761","Freshwater Fish","2013","2013","1000 t","613.93","I","Imputed value",""
"FBS","Food Balances (2010-)","116","Cambodia","5611","Import quantity","S2761","Freshwater Fish","2013","2013","1000 t","0.42","I","Imputed value",""
"FBS","Food Balances (2010-)","116","Cambodia","5301","Domestic supply quantity","S2761","Freshwater Fish","2013","2013","1000 t","584.64","I","Imputed value",""
"FBS","Food Balances (2010-)","116","Cambodia","674","Protein supply quantity (g/capita/day)","S2761","Freshwater Fish","2013","2013","g/cap/d","9.83","E","Estimated value",""
"FBS","Food Balances (2010-)","116","Cambodia","5511","Production","S2761","Freshwater Fish","2014","2014","1000 t","619.95","I","Imputed value",""
"FBS","Food Balances (2010-)","116","Cambodia","5611","Import quantity","S2761","Freshwater Fish","2014","2014","1000 t","0.26","I","Imputed value",""
"FBS","Food Balances (2010-)","116","Cambodia","5301","Domestic supply quantity","S2761","Freshwater Fish","2014","2014","1000 t","590.41","I","Imputed value",""
"FBS","Food Balances (2010-)","116","Cambodia","674","Protein supply quantity (g/capita/day)","S2761","Freshwater Fish","2014","2014","g/cap/d","9.61","E","Estimated value",""
"FBS","Food Balances (2010-)","116","Cambodia","5511","Production","S2761","Freshwater Fish","2015","2015","1000 t","627.01","I","Imputed value",""
"FBS","Food Balances (2010-)","116","Cambodia","5611","Import quantity","S2761","Freshwater Fish","2015","2015","1000 t","2.04","I","Imputed value",""
"FBS","Food Balances (2010-)","116","Cambodia","5301","Domestic supply quantity","S2761","Freshwater Fish","2015","2015","1000 t","598.53","I","Imputed value",""
"FBS","Food Balances (2010-)","116","Cambodia","674","Protein supply quantity (g/capita/day)","S2761","Freshwater Fish","2015","2015","g/cap/d","9.63","E","Estimated value",""
"FBS","Food Balances (2010-)","116","Cambodia","5511","Production","S2761","Freshwater Fish","2016","2016","1000 t","669.05","I","Imputed value",""
"FBS","Food Balances (2010-)","116","Cambodia","5611","Import quantity","S2761","Freshwater Fish","2016","2016","1000 t","4.34","I","Imputed value",""
"FBS","Food Balances (2010-)","116","Cambodia","5301","Domestic supply quantity","S2761","Freshwater Fish","2016","2016","1000 t","643.37","I","Imputed value",""
"FBS","Food Balances (2010-)","116","Cambodia","674","Protein supply quantity (g/capita/day)","S2761","Freshwater Fish","2016","2016","g/cap/d","9.46","E","Estimated value",""
"FBS","Food Balances (2010-)","116","Cambodia","5511","Production","S2761","Freshwater Fish","2017","2017","1000 t","722.14","I","Imputed value",""
"FBS","Food Balances (2010-)","116","Cambodia","5611","Import quantity","S2761","Freshwater Fish","2017","2017","1000 t","3.11","I","Imputed value",""
"FBS","Food Balances (2010-)","116","Cambodia","5301","Domestic supply quantity","S2761","Freshwater Fish","2017","2017","1000 t","690.3","I","Imputed value",""
"FBS","Food Balances (2010-)","116","Cambodia","674","Protein supply quantity (g/capita/day)","S2761","Freshwater Fish","2017","2017","g/cap/d","9.5","E","Estimated value",""
"FBS","Food Balances (2010-)","116","Cambodia","5511","Production","S2761","Freshwater Fish","2018","2018","1000 t","773.76","I","Imputed value",""
"FBS","Food Balances (2010-)","116","Cambodia","5611","Import quantity","S2761","Freshwater Fish","2018","2018","1000 t","1.66","I","Imputed value",""
"FBS","Food Balances (2010-)","116","Cambodia","5301","Domestic supply quantity","S2761","Freshwater Fish","2018","2018","1000 t","737.5","I","Imputed value",""
"FBS","Food Balances (2010-)","116","Cambodia","674","Protein supply quantity (g/capita/day)","S2761","Freshwater Fish","2018","2018","g/cap/d","10.2","E","Estimated value",""
"FBS","Food Balances (2010-)","116","Cambodia","5511","Production","S2761","Freshwater Fish","2019","2019","1000 t","769.03","I","Imputed value",""
"FBS","Food Balances (2010-)","116","Cambodia","5611","Import quantity","S2761","Freshwater Fish","2019","2019","1000 t","2.18","I","Imputed value",""
"FBS","Food Balances (2010-)","116","Cambodia","5301","Domestic supply quantity","S2761","Freshwater Fish","2019","2019","1000 t","737.36","I","Imputed value",""
"FBS","Food Balances (2010-)","116","Cambodia","674","Protein supply quantity (g/capita/day)","S2761","Freshwater Fish","2019","2019","g/cap/d","9.45","E","Estimated value",""
"FBS","Food Balances (2010-)","116","Cambodia","5511","Production","S2761","Freshwater Fish","2020","2020","1000 t","792.86","I","Imputed value",""
"FBS","Food Balances (2010-)","116","Cambodia","5611","Import quantity","S2761","Freshwater Fish","2020","2020","1000 t","1.01","I","Imputed value",""
"FBS","Food Balances (2010-)","116","Cambodia","5301","Domestic supply quantity","S2761","Freshwater Fish","2020","2020","1000 t","758.06","I","Imputed value",""
"FBS","Food Balances (2010-)","116","Cambodia","674","Protein supply quantity (g/capita/day)","S2761","Freshwater Fish","2020","2020","g/cap/d","10.08","E","Estimated value",""
"FBS","Food Balances (2010-)","116","Cambodia","5511","Production","S2761","Freshwater Fish","2021","2021","1000 t","713.15","I","Imputed value",""
"FBS","Food Balances (2010-)","116","Cambodia","5611","Import quantity","S2761","Freshwater Fish","2021","2021","1000 t","0.78","I","Imputed value",""
"FBS","Food Balances (2010-)","116","Cambodia","5301","Domestic supply quantity","S2761","Freshwater Fish","2021","2021","1000 t","673.26","I","Imputed value",""
"FBS","Food Balances (2010-)","116","Cambodia","674","Protein supply quantity (g/capita/day)","S2761","Freshwater Fish","2021","2021","g/cap/d","9.12","E","Estimated value",""
"FBS","Food Balances (2010-)","116","Cambodia","5511","Production","S2761","Freshwater Fish","2022","2022","1000 t","713.15","E","Estimated value",""
"FBS","Food Balances (2010-)","116","Cambodia","5611","Import quantity","S2761","Freshwater Fish","2022","2022","1000 t","0.78","E","Estimated value",""
"FBS","Food Balances (2010-)","116","Cambodia","5301","Domestic supply quantity","S2761","Freshwater Fish","2022","2022","1000 t","673.26","I","Imputed value",""
"FBS","Food Balances (2010-)","116","Cambodia","674","Protein supply quantity (g/capita/day)","S2761","Freshwater Fish","2022","2022","g/cap/d","9.03","E","Estimated value",""
"FBS","Food Balances (2010-)","116","Cambodia","5511","Production","S2762","Demersal Fish","2010","2010","1000 t","0.24","I","Imputed value",""
"FBS","Food Balances (2010-)","116","Cambodia","5611","Import quantity","S2762","Demersal Fish","2010","2010","1000 t","0","I","Imputed value",""
"FBS","Food Balances (2010-)","116","Cambodia","5301","Domestic supply quantity","S2762","Demersal Fish","2010","2010","1000 t","0.18","I","Imputed value",""
"FBS","Food Balances (2010-)","116","Cambodia","674","Protein supply quantity (g/capita/day)","S2762","Demersal Fish","2010","2010","g/cap/d","0","E","Estimated value",""
"FBS","Food Balances (2010-)","116","Cambodia","5511","Production","S2762","Demersal Fish","2011","2011","1000 t","0.28","I","Imputed value",""
"FBS","Food Balances (2010-)","116","Cambodia","5611","Import quantity","S2762","Demersal Fish","2011","2011","1000 t","0.06","I","Imputed value",""
"FBS","Food Balances (2010-)","116","Cambodia","5301","Domestic supply quantity","S2762","Demersal Fish","2011","2011","1000 t","0.33","I","Imputed value",""
"FBS","Food Balances (2010-)","116","Cambodia","674","Protein supply quantity (g/capita/day)","S2762","Demersal Fish","2011","2011","g/cap/d","0.01","E","Estimated value",""
"FBS","Food Balances (2010-)","116","Cambodia","5511","Production","S2762","Demersal Fish","2012","2012","1000 t","0.28","I","Imputed value",""
"FBS","Food Balances (2010-)","116","Cambodia","5611","Import quantity","S2762","Demersal Fish","2012","2012","1000 t","0.01","I","Imputed value",""
"FBS","Food Balances (2010-)","116","Cambodia","5301","Domestic supply quantity","S2762","Demersal Fish","2012","2012","1000 t","0.25","I","Imputed value",""
"FBS","Food Balances (2010-)","116","Cambodia","674","Protein supply quantity (g/capita/day)","S2762","Demersal Fish","2012","2012","g/cap/d","0","E","Estimated value",""
"FBS","Food Balances (2010-)","116","Cambodia","5511","Production","S2762","Demersal Fish","2013","2013","1000 t","0.3","I","Imputed value",""
"FBS","Food Balances (2010-)","116","Cambodia","5611","Import quantity","S2762","Demersal Fish","2013","2013","1000 t","0.03","I","Imputed value",""
"FBS","Food Balances (2010-)","116","Cambodia","5301","Domestic supply quantity","S2762","Demersal Fish","2013","2013","1000 t","0.29","I","Imputed value",""
"FBS","Food Balances (2010-)","116","Cambodia","674","Protein supply quantity (g/capita/day)","S2762","Demersal Fish","2013","2013","g/cap/d","0","E","Estimated value",""
"FBS","Food Balances (2010-)","116","Cambodia","5511","Production","S2762","Demersal Fish","2014","2014","1000 t","0.4","I","Imputed value",""
"FBS","Food Balances (2010-)","116","Cambodia","5611","Import quantity","S2762","Demersal Fish","2014","2014","1000 t","0.31","I","Imputed value",""
"FBS","Food Balances (2010-)","116","Cambodia","5301","Domestic supply quantity","S2762","Demersal Fish","2014","2014","1000 t","0.67","I","Imputed value",""
"FBS","Food Balances (2010-)","116","Cambodia","674","Protein supply quantity (g/capita/day)","S2762","Demersal Fish","2014","2014","g/cap/d","0.01","E","Estimated value",""
"FBS","Food Balances (2010-)","116","Cambodia","5511","Production","S2762","Demersal Fish","2015","2015","1000 t","0.4","I","Imputed value",""
"FBS","Food Balances (2010-)","116","Cambodia","5611","Import quantity","S2762","Demersal Fish","2015","2015","1000 t","0.1","I","Imputed value",""
"FBS","Food Balances (2010-)","116","Cambodia","5301","Domestic supply quantity","S2762","Demersal Fish","2015","2015","1000 t","0.48","I","Imputed value",""
"FBS","Food Balances (2010-)","116","Cambodia","674","Protein supply quantity (g/capita/day)","S2762","Demersal Fish","2015","2015","g/cap/d","0.01","E","Estimated value",""
"FBS","Food Balances (2010-)","116","Cambodia","5511","Production","S2762","Demersal Fish","2016","2016","1000 t","0.6","I","Imputed value",""
"FBS","Food Balances (2010-)","116","Cambodia","5611","Import quantity","S2762","Demersal Fish","2016","2016","1000 t","0","I","Imputed value",""
"FBS","Food Balances (2010-)","116","Cambodia","5301","Domestic supply quantity","S2762","Demersal Fish","2016","2016","1000 t","0.59","I","Imputed value",""
"FBS","Food Balances (2010-)","116","Cambodia","674","Protein supply quantity (g/capita/day)","S2762","Demersal Fish","2016","2016","g/cap/d","0.01","E","Estimated value",""
"FBS","Food Balances (2010-)","116","Cambodia","5511","Production","S2762","Demersal Fish","2017","2017","1000 t","0.64","I","Imputed value",""
"FBS","Food Balances (2010-)","116","Cambodia","5611","Import quantity","S2762","Demersal Fish","2017","2017","1000 t","0","I","Imputed value",""
"FBS","Food Balances (2010-)","116","Cambodia","5301","Domestic supply quantity","S2762","Demersal Fish","2017","2017","1000 t","0.62","I","Imputed value",""
"FBS","Food Balances (2010-)","116","Cambodia","674","Protein supply quantity (g/capita/day)","S2762","Demersal Fish","2017","2017","g/cap/d","0.01","E","Estimated value",""
"FBS","Food Balances (2010-)","116","Cambodia","5511","Production","S2762","Demersal Fish","2018","2018","1000 t","0.7","I","Imputed value",""
"FBS","Food Balances (2010-)","116","Cambodia","5611","Import quantity","S2762","Demersal Fish","2018","2018","1000 t","0","I","Imputed value",""
"FBS","Food Balances (2010-)","116","Cambodia","5301","Domestic supply quantity","S2762","Demersal Fish","2018","2018","1000 t","0.67","I","Imputed value",""
"FBS","Food Balances (2010-)","116","Cambodia","674","Protein supply quantity (g/capita/day)","S2762","Demersal Fish","2018","2018","g/cap/d","0.01","E","Estimated value",""
"FBS","Food Balances (2010-)","116","Cambodia","5511","Production","S2762","Demersal Fish","2019","2019","1000 t","0.84","I","Imputed value",""
"FBS","Food Balances (2010-)","116","Cambodia","5611","Import quantity","S2762","Demersal Fish","2019","2019","1000 t","0","I","Imputed value",""
"FBS","Food Balances (2010-)","116","Cambodia","5301","Domestic supply quantity","S2762","Demersal Fish","2019","2019","1000 t","0.61","I","Imputed value",""
"FBS","Food Balances (2010-)","116","Cambodia","674","Protein supply quantity (g/capita/day)","S2762","Demersal Fish","2019","2019","g/cap/d","0.01","E","Estimated value",""
"FBS","Food Balances (2010-)","116","Cambodia","5511","Production","S2762","Demersal Fish","2020","2020","1000 t","1.1","I","Imputed value",""
"FBS","Food Balances (2010-)","116","Cambodia","5611","Import quantity","S2762","Demersal Fish","2020","2020","1000 t","0","I","Imputed value",""
"FBS","Food Balances (2010-)","116","Cambodia","5301","Domestic supply quantity","S2762","Demersal Fish","2020","2020","1000 t","0.85","I","Imputed value",""
"FBS","Food Balances (2010-)","116","Cambodia","674","Protein supply quantity (g/capita/day)","S2762","Demersal Fish","2020","2020","g/cap/d","0.01","E","Estimated value",""
"FBS","Food Balances (2010-)","116","Cambodia","5511","Production","S2762","Demersal Fish","2021","2021","1000 t","0.96","I","Imputed value",""
"FBS","Food Balances (2010-)","116","Cambodia","5611","Import quantity","S2762","Demersal Fish","2021","2021","1000 t","0.03","I","Imputed value",""
"FBS","Food Balances (2010-)","116","Cambodia","5301","Domestic supply quantity","S2762","Demersal Fish","2021","2021","1000 t","0.74","I","Imputed value",""
"FBS","Food Balances (2010-)","116","Cambodia","674","Protein supply quantity (g/capita/day)","S2762","Demersal Fish","2021","2021","g/cap/d","0.01","E","Estimated value",""
"FBS","Food Balances (2010-)","116","Cambodia","5511","Production","S2762","Demersal Fish","2022","2022","1000 t","0.96","E","Estimated value",""
"FBS","Food Balances (2010-)","116","Cambodia","5611","Import quantity","S2762","Demersal Fish","2022","2022","1000 t","0.03","E","Estimated value",""
"FBS","Food Balances (2010-)","116","Cambodia","5301","Domestic supply quantity","S2762","Demersal Fish","2022","2022","1000 t","0.74","I","Imputed value",""
"FBS","Food Balances (2010-)","116","Cambodia","674","Protein supply quantity (g/capita/day)","S2762","Demersal Fish","2022","2022","g/cap/d","0.01","E","Estimated value",""
"FBS","Food Balances (2010-)","116","Cambodia","5511","Production","S2763","Pelagic Fish","2010","2010","1000 t","0","I","Imputed value",""
"FBS","Food Balances (2010-)","116","Cambodia","5611","Import quantity","S2763","Pelagic Fish","2010","2010","1000 t","1.06","I","Imputed value",""
"FBS","Food Balances (2010-)","116","Cambodia","5301","Domestic supply quantity","S2763","Pelagic Fish","2010","2010","1000 t","1.06","I","Imputed value",""
"FBS","Food Balances (2010-)","116","Cambodia","674","Protein supply quantity (g/capita/day)","S2763","Pelagic Fish","2010","2010","g/cap/d","0.02","E","Estimated value",""
"FBS","Food Balances (2010-)","116","Cambodia","5511","Production","S2763","Pelagic Fish","2011","2011","1000 t","0","I","Imputed value",""
"FBS","Food Balances (2010-)","116","Cambodia","5611","Import quantity","S2763","Pelagic Fish","2011","2011","1000 t","1.78","I","Imputed value",""
"FBS","Food Balances (2010-)","116","Cambodia","5301","Domestic supply quantity","S2763","Pelagic Fish","2011","2011","1000 t","1.78","I","Imputed value",""
"FBS","Food Balances (2010-)","116","Cambodia","674","Protein supply quantity (g/capita/day)","S2763","Pelagic Fish","2011","2011","g/cap/d","0.03","E","Estimated value",""
"FBS","Food Balances (2010-)","116","Cambodia","5511","Production","S2763","Pelagic Fish","2012","2012","1000 t","0","I","Imputed value",""
"FBS","Food Balances (2010-)","116","Cambodia","5611","Import quantity","S2763","Pelagic Fish","2012","2012","1000 t","2.76","I","Imputed value",""
"FBS","Food Balances (2010-)","116","Cambodia","5301","Domestic supply quantity","S2763","Pelagic Fish","2012","2012","1000 t","2.76","I","Imputed value",""
"FBS","Food Balances (2010-)","116","Cambodia","674","Protein supply quantity (g/capita/day)","S2763","Pelagic Fish","2012","2012","g/cap/d","0.05","E","Estimated value",""
"FBS","Food Balances (2010-)","116","Cambodia","5511","Production","S2763","Pelagic Fish","2013","2013","1000 t","0","I","Imputed value",""
"FBS","Food Balances (2010-)","116","Cambodia","5611","Import quantity","S2763","Pelagic Fish","2013","2013","1000 t","1.6","I","Imputed value",""
"FBS","Food Balances (2010-)","116","Cambodia","5301","Domestic supply quantity","S2763","Pelagic Fish","2013","2013","1000 t","1.6","I","Imputed value",""
"FBS","Food Balances (2010-)","116","Cambodia","674","Protein supply quantity (g/capita/day)","S2763","Pelagic Fish","2013","2013","g/cap/d","0.03","E","Estimated value",""
"FBS","Food Balances (2010-)","116","Cambodia","5511","Production","S2763","Pelagic Fish","2014","2014","1000 t","0","I","Imputed value",""
"FBS","Food Balances (2010-)","116","Cambodia","5611","Import quantity","S2763","Pelagic Fish","2014","2014","1000 t","8.83","I","Imputed value",""
"FBS","Food Balances (2010-)","116","Cambodia","5301","Domestic supply quantity","S2763","Pelagic Fish","2014","2014","1000 t","8.83","I","Imputed value",""
"FBS","Food Balances (2010-)","116","Cambodia","674","Protein supply quantity (g/capita/day)","S2763","Pelagic Fish","2014","2014","g/cap/d","0.16","E","Estimated value",""
"FBS","Food Balances (2010-)","116","Cambodia","5511","Production","S2763","Pelagic Fish","2015","2015","1000 t","0","I","Imputed value",""
"FBS","Food Balances (2010-)","116","Cambodia","5611","Import quantity","S2763","Pelagic Fish","2015","2015","1000 t","3.96","I","Imputed value",""
"FBS","Food Balances (2010-)","116","Cambodia","5301","Domestic supply quantity","S2763","Pelagic Fish","2015","2015","1000 t","3.94","I","Imputed value",""
"FBS","Food Balances (2010-)","116","Cambodia","674","Protein supply quantity (g/capita/day)","S2763","Pelagic Fish","2015","2015","g/cap/d","0.07","E","Estimated value",""
"FBS","Food Balances (2010-)","116","Cambodia","5511","Production","S2763","Pelagic Fish","2016","2016","1000 t","0","I","Imputed value",""
"FBS","Food Balances (2010-)","116","Cambodia","5611","Import quantity","S2763","Pelagic Fish","2016","2016","1000 t","5.47","I","Imputed value",""
"FBS","Food Balances (2010-)","116","Cambodia","5301","Domestic supply quantity","S2763","Pelagic Fish","2016","2016","1000 t","5.47","I","Imputed value",""
"FBS","Food Balances (2010-)","116","Cambodia","674","Protein supply quantity (g/capita/day)","S2763","Pelagic Fish","2016","2016","g/cap/d","0.1","E","Estimated value",""
"FBS","Food Balances (2010-)","116","Cambodia","5511","Production","S2763","Pelagic Fish","2017","2017","1000 t","0","I","Imputed value",""
"FBS","Food Balances (2010-)","116","Cambodia","5611","Import quantity","S2763","Pelagic Fish","2017","2017","1000 t","4.84","I","Imputed value",""
"FBS","Food Balances (2010-)","116","Cambodia","5301","Domestic supply quantity","S2763","Pelagic Fish","2017","2017","1000 t","4.84","I","Imputed value",""
"FBS","Food Balances (2010-)","116","Cambodia","674","Protein supply quantity (g/capita/day)","S2763","Pelagic Fish","2017","2017","g/cap/d","0.09","E","Estimated value",""
"FBS","Food Balances (2010-)","116","Cambodia","5511","Production","S2763","Pelagic Fish","2018","2018","1000 t","0","I","Imputed value",""
"FBS","Food Balances (2010-)","116","Cambodia","5611","Import quantity","S2763","Pelagic Fish","2018","2018","1000 t","5.23","I","Imputed value",""
"FBS","Food Balances (2010-)","116","Cambodia","5301","Domestic supply quantity","S2763","Pelagic Fish","2018","2018","1000 t","5.23","I","Imputed value",""
"FBS","Food Balances (2010-)","116","Cambodia","674","Protein supply quantity (g/capita/day)","S2763","Pelagic Fish","2018","2018","g/cap/d","0.09","E","Estimated value",""
"FBS","Food Balances (2010-)","116","Cambodia","5511","Production","S2763","Pelagic Fish","2019","2019","1000 t","0","I","Imputed value",""
"FBS","Food Balances (2010-)","116","Cambodia","5611","Import quantity","S2763","Pelagic Fish","2019","2019","1000 t","6.84","I","Imputed value",""
"FBS","Food Balances (2010-)","116","Cambodia","5301","Domestic supply quantity","S2763","Pelagic Fish","2019","2019","1000 t","6.84","I","Imputed value",""
"FBS","Food Balances (2010-)","116","Cambodia","674","Protein supply quantity (g/capita/day)","S2763","Pelagic Fish","2019","2019","g/cap/d","0.12","E","Estimated value",""
"FBS","Food Balances (2010-)","116","Cambodia","5511","Production","S2763","Pelagic Fish","2020","2020","1000 t","0","I","Imputed value",""
"FBS","Food Balances (2010-)","116","Cambodia","5611","Import quantity","S2763","Pelagic Fish","2020","2020","1000 t","7.75","I","Imputed value",""
"FBS","Food Balances (2010-)","116","Cambodia","5301","Domestic supply quantity","S2763","Pelagic Fish","2020","2020","1000 t","7.75","I","Imputed value",""
"FBS","Food Balances (2010-)","116","Cambodia","674","Protein supply quantity (g/capita/day)","S2763","Pelagic Fish","2020","2020","g/cap/d","0.13","E","Estimated value",""
"FBS","Food Balances (2010-)","116","Cambodia","5511","Production","S2763","Pelagic Fish","2021","2021","1000 t","0","I","Imputed value",""
"FBS","Food Balances (2010-)","116","Cambodia","5611","Import quantity","S2763","Pelagic Fish","2021","2021","1000 t","5.6","I","Imputed value",""
"FBS","Food Balances (2010-)","116","Cambodia","5301","Domestic supply quantity","S2763","Pelagic Fish","2021","2021","1000 t","5.6","I","Imputed value",""
"FBS","Food Balances (2010-)","116","Cambodia","674","Protein supply quantity (g/capita/day)","S2763","Pelagic Fish","2021","2021","g/cap/d","0.09","E","Estimated value",""
"FBS","Food Balances (2010-)","116","Cambodia","5511","Production","S2763","Pelagic Fish","2022","2022","1000 t","0","E","Estimated value",""
"FBS","Food Balances (2010-)","116","Cambodia","5611","Import quantity","S2763","Pelagic Fish","2022","2022","1000 t","5.6","E","Estimated value",""
"FBS","Food Balances (2010-)","116","Cambodia","5301","Domestic supply quantity","S2763","Pelagic Fish","2022","2022","1000 t","5.6","I","Imputed value",""
"FBS","Food Balances (2010-)","116","Cambodia","674","Protein supply quantity (g/capita/day)","S2763","Pelagic Fish","2022","2022","g/cap/d","0.09","E","Estimated value",""
"FBS","Food Balances (2010-)","116","Cambodia","5511","Production","S2764","Marine Fish, Other","2010","2010","1000 t","64","I","Imputed value",""
"FBS","Food Balances (2010-)","116","Cambodia","5611","Import quantity","S2764","Marine Fish, Other","2010","2010","1000 t","2.21","I","Imputed value",""
"FBS","Food Balances (2010-)","116","Cambodia","5301","Domestic supply quantity","S2764","Marine Fish, Other","2010","2010","1000 t","61.85","I","Imputed value",""
"FBS","Food Balances (2010-)","116","Cambodia","674","Protein supply quantity (g/capita/day)","S2764","Marine Fish, Other","2010","2010","g/cap/d","2.4","E","Estimated value",""
"FBS","Food Balances (2010-)","116","Cambodia","5511","Production","S2764","Marine Fish, Other","2011","2011","1000 t","71.57","I","Imputed value",""
"FBS","Food Balances (2010-)","116","Cambodia","5611","Import quantity","S2764","Marine Fish, Other","2011","2011","1000 t","3.43","I","Imputed value",""
"FBS","Food Balances (2010-)","116","Cambodia","5301","Domestic supply quantity","S2764","Marine Fish, Other","2011","2011","1000 t","71.38","I","Imputed value",""
"FBS","Food Balances (2010-)","116","Cambodia","674","Protein supply quantity (g/capita/day)","S2764","Marine Fish, Other","2011","2011","g/cap/d","2.75","E","Estimated value",""
"FBS","Food Balances (2010-)","116","Cambodia","5511","Production","S2764","Marine Fish, Other","2012","2012","1000 t","73.27","I","Imputed value",""
"FBS","Food Balances (2010-)","116","Cambodia","5611","Import quantity","S2764","Marine Fish, Other","2012","2012","1000 t","2.77","I","Imputed value",""
"FBS","Food Balances (2010-)","116","Cambodia","5301","Domestic supply quantity","S2764","Marine Fish, Other","2012","2012","1000 t","72.52","I","Imputed value",""
"FBS","Food Balances (2010-)","116","Cambodia","674","Protein supply quantity (g/capita/day)","S2764","Marine Fish, Other","2012","2012","g/cap/d","2.76","E","Estimated value",""
"FBS","Food Balances (2010-)","116","Cambodia","5511","Production","S2764","Marine Fish, Other","2013","2013","1000 t","79.05","I","Imputed value",""
"FBS","Food Balances (2010-)","116","Cambodia","5611","Import quantity","S2764","Marine Fish, Other","2013","2013","1000 t","1.71","I","Imputed value",""
"FBS","Food Balances (2010-)","116","Cambodia","5301","Domestic supply quantity","S2764","Marine Fish, Other","2013","2013","1000 t","77.79","I","Imputed value",""
"FBS","Food Balances (2010-)","116","Cambodia","674","Protein supply quantity (g/capita/day)","S2764","Marine Fish, Other","2013","2013","g/cap/d","2.93","E","Estimated value",""
"FBS","Food Balances (2010-)","116","Cambodia","5511","Production","S2764","Marine Fish, Other","2014","2014","1000 t","79.58","I","Imputed value",""
"FBS","Food Balances (2010-)","116","Cambodia","5611","Import quantity","S2764","Marine Fish, Other","2014","2014","1000 t","6.76","I","Imputed value",""
"FBS","Food Balances (2010-)","116","Cambodia","5301","Domestic supply quantity","S2764","Marine Fish, Other","2014","2014","1000 t","83.55","I","Imputed value",""
"FBS","Food Balances (2010-)","116","Cambodia","674","Protein supply quantity (g/capita/day)","S2764","Marine Fish, Other","2014","2014","g/cap/d","2.9","E","Estimated value",""
"FBS","Food Balances (2010-)","116","Cambodia","5511","Production","S2764","Marine Fish, Other","2015","2015","1000 t","88.29","I","Imputed value",""
"FBS","Food Balances (2010-)","116","Cambodia","5611","Import quantity","S2764","Marine Fish, Other","2015","2015","1000 t","3.72","I","Imputed value",""
"FBS","Food Balances (2010-)","116","Cambodia","5301","Domestic supply quantity","S2764","Marine Fish, Other","2015","2015","1000 t","88.4","I","Imputed value",""
"FBS","Food Balances (2010-)","116","Cambodia","674","Protein supply quantity (g/capita/day)","S2764","Marine Fish, Other","2015","2015","g/cap/d","2.9","E","Estimated value",""
"FBS","Food Balances (2010-)","116","Cambodia","5511","Production","S2764","Marine Fish, Other","2016","2016","1000 t","88.36","I","Imputed value",""
"FBS","Food Balances (2010-)","116","Cambodia","5611","Import quantity","S2764","Marine Fish, Other","2016","2016","1000 t","4.95","I","Imputed value",""
"FBS","Food Balances (2010-)","116","Cambodia","5301","Domestic supply quantity","S2764","Marine Fish, Other","2016","2016","1000 t","90.97","I","Imputed value",""
"FBS","Food Balances (2010-)","116","Cambodia","674","Protein supply quantity (g/capita/day)","S2764","Marine Fish, Other","2016","2016","g/cap/d","3.28","E","Estimated value",""
"FBS","Food Balances (2010-)","116","Cambodia","5511","Production","S2764","Marine Fish, Other","2017","2017","1000 t","92.58","I","Imputed value",""
"FBS","Food Balances (2010-)","116","Cambodia","5611","Import quantity","S2764","Marine Fish, Other","2017","2017","1000 t","5.4","I","Imputed value",""
"FBS","Food Balances (2010-)","116","Cambodia","5301","Domestic supply quantity","S2764","Marine Fish, Other","2017","2017","1000 t","94.98","I","Imputed value",""
"FBS","Food Balances (2010-)","116","Cambodia","674","Protein supply quantity (g/capita/day)","S2764","Marine Fish, Other","2017","2017","g/cap/d","3.37","E","Estimated value",""
"FBS","Food Balances (2010-)","116","Cambodia","5511","Production","S2764","Marine Fish, Other","2018","2018","1000 t","92.57","I","Imputed value",""
"FBS","Food Balances (2010-)","116","Cambodia","5611","Import quantity","S2764","Marine Fish, Other","2018","2018","1000 t","3.53","I","Imputed value",""
"FBS","Food Balances (2010-)","116","Cambodia","5301","Domestic supply quantity","S2764","Marine Fish, Other","2018","2018","1000 t","81.54","I","Imputed value",""
"FBS","Food Balances (2010-)","116","Cambodia","674","Protein supply quantity (g/capita/day)","S2764","Marine Fish, Other","2018","2018","g/cap/d","2.86","E","Estimated value",""
"FBS","Food Balances (2010-)","116","Cambodia","5511","Production","S2764","Marine Fish, Other","2019","2019","1000 t","96.58","I","Imputed value",""
"FBS","Food Balances (2010-)","116","Cambodia","5611","Import quantity","S2764","Marine Fish, Other","2019","2019","1000 t","6.06","I","Imputed value",""
"FBS","Food Balances (2010-)","116","Cambodia","5301","Domestic supply quantity","S2764","Marine Fish, Other","2019","2019","1000 t","109.7","I","Imputed value",""
"FBS","Food Balances (2010-)","116","Cambodia","674","Protein supply quantity (g/capita/day)","S2764","Marine Fish, Other","2019","2019","g/cap/d","3.82","E","Estimated value",""
"FBS","Food Balances (2010-)","116","Cambodia","5511","Production","S2764","Marine Fish, Other","2020","2020","1000 t","97.03","I","Imputed value",""
"FBS","Food Balances (2010-)","116","Cambodia","5611","Import quantity","S2764","Marine Fish, Other","2020","2020","1000 t","7.84","I","Imputed value",""
"FBS","Food Balances (2010-)","116","Cambodia","5301","Domestic supply quantity","S2764","Marine Fish, Other","2020","2020","1000 t","101.27","I","Imputed value",""
"FBS","Food Balances (2010-)","116","Cambodia","674","Protein supply quantity (g/capita/day)","S2764","Marine Fish, Other","2020","2020","g/cap/d","3.47","E","Estimated value",""
"FBS","Food Balances (2010-)","116","Cambodia","5511","Production","S2764","Marine Fish, Other","2021","2021","1000 t","98.81","I","Imputed value",""
"FBS","Food Balances (2010-)","116","Cambodia","5611","Import quantity","S2764","Marine Fish, Other","2021","2021","1000 t","28.75","I","Imputed value",""
"FBS","Food Balances (2010-)","116","Cambodia","5301","Domestic supply quantity","S2764","Marine Fish, Other","2021","2021","1000 t","124.22","I","Imputed value",""
"FBS","Food Balances (2010-)","116","Cambodia","674","Protein supply quantity (g/capita/day)","S2764","Marine Fish, Other","2021","2021","g/cap/d","4.16","E","Estimated value",""
"FBS","Food Balances (2010-)","116","Cambodia","5511","Production","S2764","Marine Fish, Other","2022","2022","1000 t","98.81","E","Estimated value",""
"FBS","Food Balances (2010-)","116","Cambodia","5611","Import quantity","S2764","Marine Fish, Other","2022","2022","1000 t","28.75","E","Estimated value",""
"FBS","Food Balances (2010-)","116","Cambodia","5301","Domestic supply quantity","S2764","Marine Fish, Other","2022","2022","1000 t","124.22","I","Imputed value",""
"FBS","Food Balances (2010-)","116","Cambodia","674","Protein supply quantity (g/capita/day)","S2764","Marine Fish, Other","2022","2022","g/cap/d","4.12","E","Estimated value",""
